Churn,avg_tenure
0,37.5699652106687283
1,17.9791332263242376
