Churn,avg_monthly_charges
0,61.26512372083631
1,74.44133227059011
