Contract,total_customers,churned_customers,churn_rate
One year,1473,166,11.269517990495586
Month-to-month,3875,1655,42.70967741935484
Two year,1695,48,2.831858407079646
