gender,total_customers,churned_customers,churn_rate
Female,3488,939,26.920871559633024
Male,3555,930,26.160337552742618
