InternetService,total_customers,churned_customers,churn_rate
No,1526,113,7.404980340760157
DSL,2421,459,18.95910780669145
Fiber optic,3096,1297,41.89276485788114
