OnlineSecurity,total_customers,churned_customers,churn_rate
No,3498,1461,41.76672384219554
No internet service,1526,113,7.404980340760157
Yes,2019,295,14.611193660227837
