SeniorCitizen,total_customers,churned_customers,churn_rate
0,5901,1393,23.606168446026096
1,1142,476,41.68126094570928
