TechSupport,total_customers,churned_customers,churn_rate
No,3473,1446,41.63547365390153
No internet service,1526,113,7.404980340760157
Yes,2044,310,15.166340508806261
